,phrase,label,sentiment,subjectivity,language,count
PS,PS,ORG,0.10913161535933816,0.16178861017969925,fr,101
SNCF,SNCF,ORG,0.10991456469456476,0.12433256299256303,fr,75
Assemblée nationale,Assemblée nationale,ORG,0.07247893752489346,0.19876268808805564,fr,68
Rachida Dati,Rachida Dati,ORG,0.04027957589285716,0.15817361111111114,fr,64
RN,RN,ORG,0.07471523409717856,0.1374945938834828,fr,54
Assemblée,Assemblée,ORG,0.08637761917569606,0.21312198325179094,fr,52
»,»,ORG,0.12092523256884959,0.13724762825826656,fr,47
Parti socialiste,Parti socialiste,ORG,0.06856500624978885,0.25035806222762746,fr,46
Sécurité sociale,Sécurité sociale,ORG,0.1343532727193442,0.1372352607709751,fr,35
Républicains,Républicains,ORG,0.03132486631016043,0.10353994779730075,fr,34
Sénat,Sénat,ORG,0.07974987267634324,0.13127737458619812,fr,34
AFP,AFP,ORG,0.0838354447839742,0.17132978949155417,fr,34
Parlement,Parlement,ORG,0.14569584765724475,0.21391349949070537,fr,34
Hamas,Hamas,ORG,0.05775114237614237,0.23018638768638774,fr,33
Rassemblement national,Rassemblement national,ORG,0.08290778173439464,0.25776986454405804,fr,31
LR,LR,ORG,0.01402330407687551,0.12318388060352346,fr,28
RATP,RATP,ORG,0.11382326007326007,0.12527214238752699,fr,26
PLD,PLD,ORG,0.09090900654900656,0.12796890331890334,fr,25
France Inter,France Inter,ORG,0.1305209235209235,0.1337689393939394,fr,24
FBI,FBI,ORG,-0.042613118765292675,0.16503811405985322,fr,23
Libération,Libération,ORG,0.07608956916099774,0.1338888888888889,fr,21
Libé,Libé,ORG,0.07806613756613758,0.12912698412698412,fr,21
MMA,MMA,ORG,0.06164786967418548,0.17771720969089397,fr,19
ministre de l’Intérieur,ministre de l’Intérieur,ORG,-0.00534325396825397,0.10103174603174601,fr,18
Chambre des représentants,Chambre des représentants,ORG,0.08126631393298062,0.21043209876543212,fr,18
ministère de la Justice,ministère de la Justice,ORG,0.1284311015781604,0.21395212630506752,fr,17
ministre de la Culture,ministre de la Culture,ORG,-0.017549953314659198,0.11775770308123251,fr,17
Les Républicains,Les Républicains,ORG,0.003062108262108261,0.07403394383394385,fr,15
Sécu,Sécu,ORG,0.0947108843537415,0.1165561224489796,fr,14
Elon Musk,Elon Musk,ORG,0.009912131519274382,0.09156462585034013,fr,14
Le Monde,Le Monde,ORG,0.023193156050298914,0.09581529581529581,fr,14
ministre du Travail et des Solidarités,ministre du Travail et des Solidarités,ORG,0.08045238095238094,0.14721428571428571,fr,14
ONU,ONU,ORG,0.09432467532467534,0.13988636363636364,fr,14
Parti libéral-démocrate,Parti libéral-démocrate,ORG,0.09373943150866229,0.11675546675546676,fr,13
ministre du Travail,ministre du Travail,ORG,0.0516559829059829,0.1107051282051282,fr,13
BFMTV,BFMTV,ORG,0.13055448717948717,0.6825587606837608,fr,12
X,X,ORG,0.07564997376361014,0.36880640823822636,fr,11
Apple,Apple,ORG,0.18887662337662336,0.21098484848484847,fr,11
Service Relations Clients,Service Relations Clients,ORG,0.14014718614718613,0.16202020202020198,fr,11
Dauphiné Libéré,Dauphiné Libéré,ORG,0.14082857142857141,0.16599999999999998,fr,10
PLF,PLF,ORG,0.082,0.15775308641975308,fr,9
MAGA,MAGA,ORG,-0.01055555555555556,0.22796296296296298,fr,9
UFC,UFC,ORG,0.033148148148148156,0.16841710758377426,fr,9
PLFSS,PLFSS,ORG,0.07786067019400351,0.13747971781305113,fr,9
Etat,Etat,ORG,-0.05509700176366843,0.19514991181657848,fr,9
Truth Social,Truth Social,ORG,0.10627876984126983,0.13453373015873016,fr,8
La Poste,La Poste,ORG,0.0325,0.06354166666666668,fr,8
Chambre,Chambre,ORG,0.15055059523809525,0.23967261904761905,fr,8
Microsoft,Microsoft,ORG,0.137875,0.17705357142857145,fr,8
Union européenne,Union européenne,ORG,0.0928799603174603,0.08542162698412699,fr,8
LFI,LFI,ORG,0.1133531746031746,0.16150793650793652,fr,7
Society,Society,ORG,-0.0016666666666666516,0.019285714285714288,fr,7
Parti libéral,Parti libéral,ORG,0.12205555555555556,0.3190476190476191,fr,7
SpaceX,SpaceX,ORG,0.07524943310657596,0.09988662131519274,fr,7
ministre de l'Intérieur,ministre de l'Intérieur,ORG,0.012233766233766227,0.14207792207792208,fr,7
Parti libéral démocrate,Parti libéral démocrate,ORG,0.04744588744588745,0.08794913419913421,fr,7
Chambre des représentants américaine,Chambre des représentants américaine,ORG,0.16380952380952382,0.2735714285714286,fr,7
Google,Google,ORG,0.1105498866213152,0.12996031746031747,fr,7
CFDT,CFDT,ORG,0.14435846560846563,0.1465277777777778,fr,6
RTL,RTL,ORG,0.11160185185185185,0.05509259259259258,fr,6
ENTRETIEN,ENTRETIEN,ORG,0.03588888888888889,0.11784722222222221,fr,6
UE,UE,ORG,0.09349867724867726,0.11454517704517704,fr,6
ministre du Travail Jean,ministre du Travail Jean,ORG,0.04926587301587302,0.11825396825396824,fr,6
ministre du Travail et des Solidarités Jean,ministre du Travail et des Solidarités Jean,ORG,0.11119047619047621,0.0943452380952381,fr,6
Grok,Grok,ORG,0.06752380952380953,0.09583333333333333,fr,6
ministre de la Santé,ministre de la Santé,ORG,0.08782936507936508,0.27453042328042326,fr,6
Conseil,Conseil,ORG,0.10666666666666667,0.11583333333333333,fr,6
"AP
","AP
",ORG,0.1433558201058201,0.16925925925925925,fr,6
RSF,RSF,ORG,0.09499999999999999,0.07083333333333333,fr,6
Reporters sans frontières,Reporters sans frontières,ORG,0.03650000000000001,-0.012499999999999994,fr,5
parti Renaissance,parti Renaissance,ORG,0.01208333333333333,0.07055555555555555,fr,5
Mercosur,Mercosur,ORG,0.13410793650793654,0.15838095238095237,fr,5
Chambre américaine,Chambre américaine,ORG,0.14027777777777778,0.15,fr,5
Milipol Paris,Milipol Paris,ORG,-0.04413333333333334,0.013333333333333332,fr,5
Parti radical,Parti radical,ORG,0.040827272727272754,0.25,fr,5
Autorité palestinienne,Autorité palestinienne,ORG,-0.020000000000000007,0.085,fr,5
TF1,TF1,ORG,0.15288888888888888,0.2011111111111111,fr,5
HBO,HBO,ORG,0.005799999999999999,0.07289999999999999,fr,5
MoDem,MoDem,ORG,0.08931428571428572,0.08750000000000001,fr,5
Finances,Finances,ORG,0.07474999999999998,0.16,fr,5
Harvard,Harvard,ORG,0.03798412698412699,0.11051587301587303,fr,5
G20,G20,ORG,-0.011899999999999997,0.06999999999999999,fr,5
Le Nouvel Obs,Le Nouvel Obs,ORG,0.1075007215007215,0.10884126984126985,fr,5
IFI,IFI,ORG,0.05444940476190477,0.13117559523809524,fr,4
ministre de la Défense,ministre de la Défense,ORG,-0.06242857142857143,0.058750000000000004,fr,4
l'Assemblée nationale,l'Assemblée nationale,ORG,0.036266233766233766,0.05089285714285714,fr,4
TikTok,TikTok,ORG,0.0948051948051948,0.18958333333333333,fr,4
Radiohead,Radiohead,ORG,0.25375000000000003,0.18729166666666666,fr,4
THIBAUD,THIBAUD,ORG,0.08555555555555555,0.1125,fr,4
Conseil d’État,Conseil d’État,ORG,0.15965476190476194,0.06,fr,4
RDC,RDC,ORG,-0.024794642857142862,0.1713839285714286,fr,4
Warner Bros,Warner Bros,ORG,0.26677083333333335,0.16927083333333331,fr,4
NFP,NFP,ORG,0.08166666666666667,0.11041666666666666,fr,4
Frères musulmans,Frères musulmans,ORG,0.054047619047619046,0.10952380952380952,fr,4
Etat américain,Etat américain,ORG,0.06945436507936507,0.15615079365079365,fr,4
Nouvel Obs,Nouvel Obs,ORG,0.1616919191919192,0.1466540404040404,fr,4
Education nationale,Education nationale,ORG,0.11863247863247864,0.07232905982905982,fr,4
Trump,Trump,ORG,0.24900000000000003,0.14500000000000002,fr,4
Global Sumud,Global Sumud,ORG,-0.11449999999999999,0.1494375,fr,4
Parti républicain,Parti républicain,ORG,0.02156547619047619,0.08509740259740259,fr,4
université Harvard,université Harvard,ORG,0.07093749999999999,0.128125,fr,4
Ve République,Ve République,ORG,0.1699375,0.10700000000000001,fr,4
Milipol,Milipol,ORG,-0.05411111111111111,0.06527777777777778,fr,3
EXCLUSIF,EXCLUSIF,ORG,0.11638095238095238,0.10238095238095239,fr,3
Conseil d’Etat,Conseil d’Etat,ORG,0.07779894179894181,0.056666666666666664,fr,3
ministère du Travail,ministère du Travail,ORG,0.11783333333333335,0.06866666666666665,fr,3
Conseil des ministres,Conseil des ministres,ORG,0.04750000000000001,0.07083333333333335,fr,3
Rassemblement,Rassemblement,ORG,0.004027777777777773,0.10347222222222223,fr,3
Nations unies,Nations unies,ORG,0.059265151515151514,0.04749999999999999,fr,3
Parti démocrate,Parti démocrate,ORG,0.16105185185185186,0.14261111111111113,fr,3
Comité pour le Premier Amendement»,Comité pour le Premier Amendement»,ORG,0.2564285714285714,0.1011904761904762,fr,3
ELN,ELN,ORG,0.020833333333333325,0.10333333333333335,fr,3
Daily Mail,Daily Mail,ORG,0.12233333333333335,0.20166666666666666,fr,3
"AFP
","AFP
",ORG,0.00020202020202020216,0.049999999999999996,fr,3
DC Studios,DC Studios,ORG,0.10000000000000002,0.13333333333333333,fr,3
ministère de l’Intérieur,ministère de l’Intérieur,ORG,0.022285714285714284,0.08666666666666667,fr,3
EDITO,EDITO,ORG,0.14847222222222223,0.19444444444444442,fr,3
Ligue 1,Ligue 1,ORG,-0.11777777777777776,-0.022222222222222216,fr,3
ministre de l'Éducation nationale,ministre de l'Éducation nationale,ORG,-0.022307692307692306,0.1153846153846154,fr,3
BBC,BBC,ORG,0.05444444444444447,0.14814814814814814,fr,3
REUTERS,REUTERS,ORG,0.16416666666666668,0.12916666666666668,fr,3
BHV,BHV,ORG,0.0026666666666666783,0.17333333333333334,fr,3
Conseil constitutionnel,Conseil constitutionnel,ORG,0.1602592592592593,0.04259259259259259,fr,3
El País,El País,ORG,0.22569444444444442,0.15138888888888888,fr,3
Fédération française de football,Fédération française de football,ORG,0.38444444444444437,0.1388888888888889,fr,3
ministre de la Justice,ministre de la Justice,ORG,0.10755555555555556,0.09666666666666666,fr,3
ministère de l'Intérieur,ministère de l'Intérieur,ORG,0.03865079365079365,0.07976190476190477,fr,3
Conseil de sécurité de l'ONU,Conseil de sécurité de l'ONU,ORG,0.07755555555555554,0.12666666666666665,fr,3
Conseil de sécurité de l’ONU,Conseil de sécurité de l’ONU,ORG,0.09495238095238095,0.16583333333333333,fr,3
Opinion Internationale,Opinion Internationale,ORG,0.1876296296296296,0.0737037037037037,fr,3
Ovale de la Maison Blanche,Ovale de la Maison Blanche,ORG,0.04736111111111111,0.04305555555555555,fr,3
Fifa,Fifa,ORG,0.2031111111111111,0.13749999999999998,fr,3
"AFP
Publié","AFP
Publié",ORG,0.11447089947089946,0.09325396825396826,fr,3
BENOIT,BENOIT,ORG,0.1218452380952381,0.08125,fr,3
LVMH,LVMH,ORG,0.023970238095238103,0.18821428571428575,fr,3
BUCKINGHAM,BUCKINGHAM,ORG,0.10991666666666666,0.27999999999999997,fr,3
Banque de Suède,Banque de Suède,ORG,0.04888888888888889,0.09999999999999999,fr,3
Royal Lodge,Royal Lodge,ORG,0.23477777777777775,0.053333333333333344,fr,3
PSG,PSG,ORG,0.06583333333333334,0.17083333333333336,fr,3
Samedi,Samedi,ORG,0.13113095238095238,0.11785714285714287,fr,2
FEDERICO,FEDERICO,ORG,-0.05166666666666667,0.05416666666666667,fr,2
Starlink,Starlink,ORG,0.1571428571428571,0.18571428571428572,fr,2
Lecornu,Lecornu,ORG,0.104375,0.10937499999999999,fr,2
The Guardian,The Guardian,ORG,0.024285714285714285,0.19285714285714287,fr,2
Premier ministre socialiste,Premier ministre socialiste,ORG,0.02555555555555555,0.10486111111111113,fr,2
Nouvel Obs ,Nouvel Obs ,ORG,0.093125,0.06666666666666668,fr,2
G7,G7,ORG,-0.029999999999999995,0.10357142857142858,fr,2
Régie autonome des transports parisiens,Régie autonome des transports parisiens,ORG,0.05611111111111111,0.07222222222222223,fr,2
Chambre des representants,Chambre des representants,ORG,0.13541666666666669,0.09166666666666667,fr,2
Relations,Relations,ORG,0.2005,0.05,fr,2
Plan de paix,Plan de paix,ORG,0.027999999999999997,0.05,fr,2
BFM TV,BFM TV,ORG,0.08285714285714287,0.04285714285714286,fr,2
Starship,Starship,ORG,0.04222222222222223,0.09444444444444444,fr,2
L’Express,L’Express,ORG,0.13611111111111113,0.0875,fr,2
FIFA,FIFA,ORG,0.09875,0.09999999999999999,fr,2
Nouvelle Revue Politique,Nouvelle Revue Politique,ORG,0.23888888888888887,0.08055555555555555,fr,2
Nouveau Front populaire,Nouveau Front populaire,ORG,0.09944444444444445,0.058333333333333334,fr,2
BRANDON,BRANDON,ORG,0.025166666666666664,0.09500000000000001,fr,2
Independance Day,Independance Day,ORG,0.21999999999999997,0.13749999999999998,fr,2
Légion d'honneur,Légion d'honneur,ORG,-0.4,0.275,fr,2
Live Nation,Live Nation,ORG,0.041666666666666664,0.19999999999999998,fr,2
Ku Klux Klan,Ku Klux Klan,ORG,0.029999999999999995,0.04583333333333333,fr,2
FRANCOIS,FRANCOIS,ORG,0.03666666666666667,0.03333333333333333,fr,2
Suivez,Suivez,ORG,0.15166666666666667,0.25,fr,2
Marine,Marine,ORG,0.10900000000000001,0.07749999999999999,fr,2
Ensemble pour la République,Ensemble pour la République,ORG,0.18142857142857144,0.10500000000000001,fr,2
lAFP,lAFP,ORG,-0.12333333333333335,0.11666666666666665,fr,2
Coldplay,Coldplay,ORG,0.1325,0.10583333333333335,fr,2
FAITS,FAITS,ORG,0.025624999999999988,0.04375,fr,2
Parti socialiste ,Parti socialiste ,ORG,-0.006111111111111112,0.061111111111111116,fr,2
SOS Racisme,SOS Racisme,ORG,0.04464285714285715,0.07142857142857142,fr,2
Démocrates,Démocrates,ORG,0.10866666666666666,0.05666666666666667,fr,2
ministre de la Transition écologique,ministre de la Transition écologique,ORG,0.051666666666666666,0.15416666666666667,fr,2
Frères Musulmans,Frères Musulmans,ORG,-0.09666666666666666,0.049999999999999996,fr,2
Bourse de Tokyo,Bourse de Tokyo,ORG,0.07208333333333335,0.041666666666666664,fr,2
Renaissance de Paris,Renaissance de Paris,ORG,0.06,0.13749999999999998,fr,2
CIA,CIA,ORG,-0.052000000000000005,-0.030000000000000006,fr,2
Star Academy,Star Academy,ORG,0.3440384615384615,4.5375,fr,2
4V,4V,ORG,-0.028571428571428574,0.014285714285714287,fr,2
Naval Group,Naval Group,ORG,-0.1375,0.1125,fr,2
Etat palestinien,Etat palestinien,ORG,0.17333333333333334,0.016666666666666666,fr,2
Etat de Palestine,Etat de Palestine,ORG,-0.04999999999999999,0.0,fr,2
Socialiste,Socialiste,ORG,0.0012499999999999994,0.05625,fr,2
Figaro,Figaro,ORG,0.10888888888888888,0.07083333333333335,fr,2
Ocean’s Eleven,Ocean’s Eleven,ORG,0.026875000000000003,0.0,fr,2
CBS,CBS,ORG,0.125,0.1375,fr,2
FFF,FFF,ORG,0.2933333333333333,0.10416666666666667,fr,2
ministre français du Travail et des Solidarités,ministre français du Travail et des Solidarités,ORG,0.2,0.0,fr,2
LFP,LFP,ORG,-0.10749999999999998,0.225,fr,2
KO,KO,ORG,0.064,0.17,fr,2
Forum des familles,Forum des familles,ORG,0.030000000000000006,0.09642857142857143,fr,2
AMD,AMD,ORG,0.016666666666666666,0.05000000000000001,fr,2
Meta,Meta,ORG,-0.03222222222222223,0.10833333333333334,fr,2
Académie royale des sciences de Suède,Académie royale des sciences de Suède,ORG,0.21833333333333332,0.09166666666666667,fr,2
APL,APL,ORG,-0.048571428571428564,0.09642857142857143,fr,2
terror,terror,ORG,0.13125,0.09375,fr,2
académie royale des sciences de Suède,académie royale des sciences de Suède,ORG,0.175,0.0625,fr,2
Sénat américain,Sénat américain,ORG,-0.03000000000000001,0.059,fr,2
JONATHAN,JONATHAN,ORG,0.17200000000000004,0.034999999999999996,fr,2
The New York Times,The New York Times,ORG,0.11785714285714285,0.10571428571428573,fr,2
Fer de France,Fer de France,ORG,0.037500000000000006,0.0125,fr,2
CO2,CO2,ORG,0.09375,0.09000000000000001,fr,2
Économie,Économie,ORG,0.26075,0.05,fr,2
Israel,Israel,ORG,0.075875,0.089375,fr,2
Écologistes,Écologistes,ORG,0.2866666666666666,0.08750000000000001,fr,2
Sud Radio,Sud Radio,ORG,0.18365079365079365,0.07777777777777778,fr,2
Congrès américain,Congrès américain,ORG,0.14722222222222223,0.16666666666666669,fr,2
MLS,MLS,ORG,0.18857142857142856,0.11964285714285713,fr,2
CGT,CGT,ORG,0.16285714285714287,0.05,fr,2
LCI,LCI,ORG,0.0027272727272727275,0.10000000000000002,fr,2
Renaissance,Renaissance,ORG,0.0,0.0,fr,2
Libération»,Libération»,ORG,-0.015000000000000006,0.0,fr,2
Premier ministre,Premier ministre,ORG,0.15636363636363637,0.07954545454545454,fr,2
Premier ministre britannique,Premier ministre britannique,ORG,0.030000000000000006,0.075,fr,2
lAutorité,lAutorité,ORG,0.17714285714285716,0.09285714285714286,fr,2
Conseil de paix,Conseil de paix,ORG,0.030000000000000006,0.075,fr,2
Cour des comptes,Cour des comptes,ORG,0.15229166666666666,0.041666666666666664,fr,2
Comité pour le Premier Amendement,Comité pour le Premier Amendement,ORG,0.1775,0.08750000000000001,fr,2
Institut Nobel,Institut Nobel,ORG,0.09,0.075,fr,2
Républicain,Républicain,ORG,0.08875,0.05714285714285715,fr,2
Parti Libéral-Démocrate,Parti Libéral-Démocrate,ORG,0.21545454545454548,0.19,fr,2
BRENDAN SMIALOWSKI,BRENDAN SMIALOWSKI,ORG,0.10442424242424246,0.11681818181818181,fr,2
Conseil national de sécurité et de défense,Conseil national de sécurité et de défense,ORG,0.06888888888888889,0.04444444444444444,fr,2
Ecologistes Marine Tondelier,Ecologistes Marine Tondelier,ORG,-0.05772727272727273,0.0,fr,2
Démocrates ,Démocrates ,ORG,0.074375,0.030000000000000006,fr,2
Sécurité sociale pour 2026,Sécurité sociale pour 2026,ORG,0.09027777777777778,0.0875,fr,2
"AP
Trois personnes","AP
Trois personnes",ORG,-0.04712499999999999,0.053125000000000006,fr,2
Travail,Travail,ORG,0.05395833333333334,0.14375,fr,2
Transition écologique,Transition écologique,ORG,0.15083333333333332,0.10000000000000002,fr,2
Parti socialise,Parti socialise,ORG,0.00625,0.018750000000000003,fr,2
Sanae Takaichi,Sanae Takaichi,ORG,0.06780303030303031,0.07291666666666667,fr,2
Paramount,Paramount,ORG,0.19,0.15,fr,2
Monde,Monde,ORG,0.20000000000000004,0.10000000000000002,fr,2
Kremlin,Kremlin,ORG,0.07049107142857143,0.09285714285714287,fr,2
les Verts,les Verts,ORG,0.03937499999999999,0.025,fr,2
Agence France,Agence France,ORG,0.135,0.1,fr,2
Kyiv,Kyiv,ORG,0.13017857142857142,0.075,fr,2
Parti socialiste ouvrier espagnol,Parti socialiste ouvrier espagnol,ORG,0.035,0.0625,fr,2
Election,Election,ORG,0.10200000000000001,0.1,fr,2
France 5,France 5,ORG,0.016666666666666666,0.05000000000000001,fr,2
Némésis,Némésis,ORG,0.10545454545454547,0.07954545454545454,fr,2
Etat de New York,Etat de New York,ORG,-0.032857142857142856,0.049999999999999996,fr,2
l’Assemblée nationale,l’Assemblée nationale,ORG,0.1101388888888889,0.05937500000000001,fr,2
Agriculture,Agriculture,ORG,0.05916666666666667,0.016666666666666666,fr,2
Transports,Transports,ORG,0.05916666666666667,0.016666666666666666,fr,2
MAYHEM,MAYHEM,ORG,0.016666666666666663,0.0,fr,1
Forces de,Forces de,ORG,-0.029999999999999995,0.0,fr,1
R&,R&,ORG,0.21000000000000002,0.0,fr,1
DC Comics,DC Comics,ORG,0.3833333333333333,0.0,fr,1
Insoumise,Insoumise,ORG,0.10833333333333332,0.0,fr,1
Drake,Drake,ORG,0.21000000000000002,0.0,fr,1
20th Century Studios,20th Century Studios,ORG,0.45,0.0,fr,1
R&B Leon Thomas,R&B Leon Thomas,ORG,0.26,0.0,fr,1
FFT,FFT,ORG,0.02777777777777779,0.0,fr,1
» Didier Raoult,» Didier Raoult,ORG,0.08285714285714287,0.0,fr,1
ministre de la Justice Pam Bondi,ministre de la Justice Pam Bondi,ORG,0.11333333333333334,0.0,fr,1
Gallimard,Gallimard,ORG,0.18166666666666667,0.0,fr,1
SCNF,SCNF,ORG,0.28250000000000003,0.0,fr,1
Académie de Belgique ,Académie de Belgique ,ORG,0.09285714285714285,0.0,fr,1
Académie royale de langue et de littérature françaises,Académie royale de langue et de littérature françaises,ORG,0.09285714285714285,0.0,fr,1
» avec l'Algérie,» avec l'Algérie,ORG,0.06599999999999999,0.0,fr,1
Diplo,Diplo,ORG,-0.13333333333333333,0.0,fr,1
FNSEA,FNSEA,ORG,0.02777777777777779,0.0,fr,1
MacronEn,MacronEn,ORG,-0.030000000000000002,0.0,fr,1
Truth Social quil,Truth Social quil,ORG,0.2,0.0,fr,1
Fonds,Fonds,ORG,0.02777777777777779,0.0,fr,1
Ab,Ab,ORG,-0.015999999999999997,0.0,fr,1
lEtat de Para,lEtat de Para,ORG,0.02777777777777779,0.0,fr,1
DGSE,DGSE,ORG,0.181,0.0,fr,1
Enhanced games ,Enhanced games ,ORG,0.006363636363636364,0.0,fr,1
Autorité palestinienne « réformée »,Autorité palestinienne « réformée »,ORG,0.05,0.0,fr,1
Instagram,Instagram,ORG,0.16,0.0,fr,1
MAXIME,MAXIME,ORG,0.03,0.0,fr,1
Républicains dissidents,Républicains dissidents,ORG,0.05000000000000001,0.0,fr,1
minsitre de l'Intérieur,minsitre de l'Intérieur,ORG,0.06599999999999999,0.0,fr,1
Shutdown,Shutdown,ORG,-0.03000000000000001,0.0,fr,1
Lorsquen,Lorsquen,ORG,0.18250000000000002,0.0,fr,1
Exclusif,Exclusif,ORG,0.31062500000000004,0.0,fr,1
Comité contre la torture de lONU,Comité contre la torture de lONU,ORG,0.006,0.0,fr,1
Which,Which,ORG,0.125,0.0,fr,1
L'humanité,L'humanité,ORG,0.34400000000000003,0.0,fr,1
ministre de l’,ministre de l’,ORG,0.01800000000000001,0.0,fr,1
Société nationale des chemins de fer français,Société nationale des chemins de fer français,ORG,0.05,0.0,fr,1
la Poste,la Poste,ORG,0.0,0.0,fr,1
Abdelmadjid,Abdelmadjid,ORG,0.075,0.0,fr,1
Rach,Rach,ORG,0.04,0.0,fr,1
GIRETTE,GIRETTE,ORG,-0.03333333333333333,0.0,fr,1
Société nationale,Société nationale,ORG,0.025,0.0,fr,1
Monde Arabe,Monde Arabe,ORG,0.0,0.0,fr,1
École supérieure de journalisme de Paris,École supérieure de journalisme de Paris,ORG,0.10142857142857144,0.0,fr,1
IMA,IMA,ORG,0.0,0.0,fr,1
dappel,dappel,ORG,0.08499999999999999,0.0,fr,1
Journalisme Paris,Journalisme Paris,ORG,0.10142857142857144,0.0,fr,1
BEHROUZ,BEHROUZ,ORG,0.0,0.0,fr,1
Fox News,Fox News,ORG,0.082,0.0,fr,1
VIDEO,VIDEO,ORG,0.32333333333333336,0.0,fr,1
parti Democratic Socialists of America,parti Democratic Socialists of America,ORG,0.042142857142857156,0.0,fr,1
Mar,Mar,ORG,-6.938893903907228e-18,0.0,fr,1
Sébasti,Sébasti,ORG,-0.024999999999999998,0.0,fr,1
Le Point,Le Point,ORG,0.1222222222222222,0.0,fr,1
Ecole Supérieure,Ecole Supérieure,ORG,0.10142857142857144,0.0,fr,1
CNN,CNN,ORG,0.082,0.0,fr,1
Car7iel,Car7iel,ORG,-0.04166666666666667,0.0,fr,1
TEMOIGNAGES,TEMOIGNAGES,ORG,0.0,0.0,fr,1
Paco Amoroso,Paco Amoroso,ORG,-0.04166666666666667,0.0,fr,1
Sécurité nationale,Sécurité nationale,ORG,0.15,0.0,fr,1
Commission européenne,Commission européenne,ORG,0.014666666666666668,0.0,fr,1
Service Actu ,Service Actu ,ORG,0.045,0.0,fr,1
agence Bloomberg,agence Bloomberg,ORG,0.24718181818181825,0.0,fr,1
Jeunesse Sportive de Kabylie,Jeunesse Sportive de Kabylie,ORG,0.03363636363636364,0.0,fr,1
Report,Report,ORG,0.155,0.0,fr,1
Reporters Sans Frontières,Reporters Sans Frontières,ORG,0.155,0.0,fr,1
Kre,Kre,ORG,0.002999999999999997,0.0,fr,1
ministère de la Guerre,ministère de la Guerre,ORG,0.045,0.0,fr,1
ministère de la sécurité In,ministère de la sécurité In,ORG,0.060000000000000005,0.0,fr,1
L’Assemblée,L’Assemblée,ORG,0.005714285714285713,0.0,fr,1
ministre de la,ministre de la,ORG,0.01,0.0,fr,1
ministre de la Défense Pete Hegseth,ministre de la Défense Pete Hegseth,ORG,0.015,0.0,fr,1
Rus,Rus,ORG,0.047499999999999994,0.0,fr,1
OPEP,OPEP,ORG,0.01428571428571428,0.0,fr,1
Reporters sans,Reporters sans,ORG,-0.15,0.0,fr,1
TFC,TFC,ORG,0.0,0.0,fr,1
Madrid El País,Madrid El País,ORG,0.035,0.0,fr,1
PSOE,PSOE,ORG,0.035,0.0,fr,1
Transports José Luis Ábalos,Transports José Luis Ábalos,ORG,0.11384615384615385,0.0,fr,1
Warner Bro,Warner Bro,ORG,0.3666666666666667,0.0,fr,1
lunivers DC,lunivers DC,ORG,0.3666666666666667,0.0,fr,1
Allemagne nazie,Allemagne nazie,ORG,-0.05833333333333333,0.0,fr,1
Bruna Caroline Ferreira,Bruna Caroline Ferreira,ORG,-0.15,0.0,fr,1
Parti national,Parti national,ORG,0.003333333333333332,0.0,fr,1
ministre de la Sécurité intérieure Kristi,ministre de la Sécurité intérieure Kristi,ORG,-0.06111111111111113,0.0,fr,1
Garde nationale,Garde nationale,ORG,-0.06111111111111113,0.0,fr,1
Mouvement pour l'autodétermination de la,Mouvement pour l'autodétermination de la,ORG,0.05,0.0,fr,1
JSK,JSK,ORG,0.05,0.0,fr,1
club de foot de la Jeunesse Sportive de Kabylie,club de foot de la Jeunesse Sportive de Kabylie,ORG,0.05,0.0,fr,1
Ingérence,Ingérence,ORG,0.024999999999999994,0.0,fr,1
OM,OM,ORG,0.1,0.0,fr,1
Radio France,Radio France,ORG,0.075,0.0,fr,1
"AFP
Trois jours","AFP
Trois jours",ORG,0.18833333333333332,0.0,fr,1
L’Union européenne,L’Union européenne,ORG,-0.03222222222222223,0.0,fr,1
Luftwaffe,Luftwaffe,ORG,0.16300000000000003,0.0,fr,1
ministère de l'Europe,ministère de l'Europe,ORG,0.23333333333333336,0.0,fr,1
l’OTAN,l’OTAN,ORG,0.08833333333333333,0.0,fr,1
G20 ,G20 ,ORG,0.13555555555555554,0.0,fr,1
LEONHARD FOEGER,LEONHARD FOEGER,ORG,0.17,0.0,fr,1
AP/,AP/,ORG,0.172,0.0,fr,1
"internationale""Elle","internationale""Elle",ORG,0.215,0.0,fr,1
Franqui Francisco Flores de Freitas,Franqui Francisco Flores de Freitas,ORG,0.1042857142857143,0.0,fr,1
US Navy,US Navy,ORG,-0.031999999999999994,0.0,fr,1
Be Happy,Be Happy,ORG,0.075,0.0,fr,1
Parlement norvégien jeudi,Parlement norvégien jeudi,ORG,0.1366666666666667,0.0,fr,1
RUSTE,RUSTE,ORG,0.08000000000000002,0.0,fr,1
Garde nationale bolivarienne,Garde nationale bolivarienne,ORG,-0.08833333333333333,0.0,fr,1
CUBILLOS,CUBILLOS,ORG,0.184,0.0,fr,1
Affaires étrangères,Affaires étrangères,ORG,0.23333333333333336,0.0,fr,1
Institut Nobel norvégien,Institut Nobel norvégien,ORG,0.2,0.0,fr,1
» Emmanuel Macron,» Emmanuel Macron,ORG,0.23,0.0,fr,1
Centre Nobel de la paix,Centre Nobel de la paix,ORG,0.4,0.0,fr,1
América,América,ORG,0.06333333333333334,0.0,fr,1
Business First,Business First,ORG,0.04200000000000001,0.0,fr,1
Fayard,Fayard,ORG,0.04249999999999999,0.0,fr,1
ANNABELLE,ANNABELLE,ORG,0.061666666666666675,0.0,fr,1
Institut Montaigne,Institut Montaigne,ORG,0.1335,0.0,fr,1
Si la justice,Si la justice,ORG,0.07692307692307691,0.0,fr,1
FLN,FLN,ORG,0.07692307692307691,0.0,fr,1
Têtes Plongeantes,Têtes Plongeantes,ORG,-0.11499999999999999,0.0,fr,1
REUT,REUT,ORG,0.078,0.0,fr,1
The Atlantic,The Atlantic,ORG,-0.01799999999999999,0.0,fr,1
Ligue de football professionnel,Ligue de football professionnel,ORG,0.12400000000000003,0.0,fr,1
Vladi,Vladi,ORG,0.32000000000000006,0.0,fr,1
Il Corriere della Sera,Il Corriere della Sera,ORG,0.096,0.0,fr,1
Cartel des Soleils,Cartel des Soleils,ORG,-0.005,0.0,fr,1
Radio Nova,Radio Nova,ORG,-0.135,0.0,fr,1
banque Rothschild,banque Rothschild,ORG,0.4085,0.0,fr,1
Nouvelle Revue Pol,Nouvelle Revue Pol,ORG,0.23888888888888887,0.0,fr,1
NRP,NRP,ORG,0.23888888888888887,0.0,fr,1
Université Harvard,Université Harvard,ORG,0.018888888888888886,0.0,fr,1
ministre américain des Finances,ministre américain des Finances,ORG,0.018888888888888886,0.0,fr,1
Ordre de Léopold,Ordre de Léopold,ORG,0.023333333333333334,0.0,fr,1
TFFF,TFFF,ORG,0.03250000000000001,0.0,fr,1
Tropical Forest Forever Facility,Tropical Forest Forever Facility,ORG,0.03250000000000001,0.0,fr,1
Ordre de la Couronne,Ordre de la Couronne,ORG,0.22916666666666666,0.0,fr,1
Etat du Para,Etat du Para,ORG,0.06857142857142857,0.0,fr,1
» mardi Soulagement,» mardi Soulagement,ORG,-0.05,0.0,fr,1
Comité de soutien international,Comité de soutien international,ORG,0.26666666666666666,0.0,fr,1
extrême droite Frontières,extrême droite Frontières,ORG,0.03375,0.0,fr,1
Lunettes,Lunettes,ORG,0.05125,0.0,fr,1
VUCCI,VUCCI,ORG,0.08,0.0,fr,1
Force internationale de stabilisation,Force internationale de stabilisation,ORG,0.242,0.0,fr,1
Comité de la paix »,Comité de la paix »,ORG,0.242,0.0,fr,1
Conseil de sécurité,Conseil de sécurité,ORG,0.242,0.0,fr,1
Conseil de Sécurité,Conseil de Sécurité,ORG,0.19999999999999998,0.0,fr,1
Conseil de Sécurité de lONU,Conseil de Sécurité de lONU,ORG,0.19999999999999998,0.0,fr,1
Conseil de Sécurité des Nations unies,Conseil de Sécurité des Nations unies,ORG,0.19999999999999998,0.0,fr,1
Conseil de sécurité de l'ONU dune,Conseil de sécurité de l'ONU dune,ORG,0.09999999999999999,0.0,fr,1
lONG Comité por la Libertad de los Luchadores Sociales,lONG Comité por la Libertad de los Luchadores Sociales,ORG,-0.07500000000000001,0.0,fr,1
TVA,TVA,ORG,-0.02,0.0,fr,1
Chambre des représentant,Chambre des représentant,ORG,0.1375,0.0,fr,1
républicains de la Chambre,républicains de la Chambre,ORG,0.125,0.0,fr,1
» diplomatique,» diplomatique,ORG,0.19333333333333333,0.0,fr,1
MAGHREB,MAGHREB,ORG,0.20400000000000001,0.0,fr,1
REPUBLICAIN,REPUBLICAIN,ORG,0.07083333333333333,0.0,fr,1
organisation Etat islamique,organisation Etat islamique,ORG,-0.12,0.0,fr,1
chambre basse du Congrès,chambre basse du Congrès,ORG,0.0625,0.0,fr,1
Chambre des représentants vote pour,Chambre des représentants vote pour,ORG,0.22,0.0,fr,1
Congrès vote massivement pour la divulgation des dossiers,Congrès vote massivement pour la divulgation des dossiers,ORG,0.11555555555555556,0.0,fr,1
Chamb,Chamb,ORG,0.065,0.0,fr,1
ERALDO PERES,ERALDO PERES,ORG,0.04625,0.0,fr,1
DCU,DCU,ORG,0.19999999999999998,0.0,fr,1
Conseil national de securite,Conseil national de securite,ORG,-0.04,0.0,fr,1
SNDP,SNDP,ORG,0.06666666666666667,0.0,fr,1
Syndicat des directeurs pénitentiaires,Syndicat des directeurs pénitentiaires,ORG,0.06666666666666667,0.0,fr,1
PRESIDENTIAL,PRESIDENTIAL,ORG,0.0014285714285714299,0.0,fr,1
G8,G8,ORG,0.1875,0.0,fr,1
lAmerica Business Forum,lAmerica Business Forum,ORG,0.0,0.0,fr,1
Financial Times ,Financial Times ,ORG,-0.16666666666666666,0.0,fr,1
Folha,Folha,ORG,-0.5,0.0,fr,1
ExxonMobil,ExxonMobil,ORG,-0.5,0.0,fr,1
NASA,NASA,ORG,-0.001666666666666667,0.0,fr,1
France 3,France 3,ORG,-0.043333333333333335,0.0,fr,1
The Washington Post,The Washington Post,ORG,0.2,0.0,fr,1
New York Times,New York Times,ORG,0.055999999999999994,0.0,fr,1
Edhec Quantum Institute,Edhec Quantum Institute,ORG,0.325,0.0,fr,1
BRYAN,BRYAN,ORG,-0.075,0.0,fr,1
departement de la Justice,departement de la Justice,ORG,0.13142857142857142,0.0,fr,1
Optimus,Optimus,ORG,0.2,0.0,fr,1
LDH,LDH,ORG,0.04714285714285715,0.0,fr,1
Ligue des droits de l'Homme,Ligue des droits de l'Homme,ORG,0.04714285714285715,0.0,fr,1
IA Grok,IA Grok,ORG,-0.3985714285714286,0.0,fr,1
BUREAU DES SÉRIES,BUREAU DES SÉRIES,ORG,0.17250000000000001,0.0,fr,1
des Verts,des Verts,ORG,0.135,0.0,fr,1
GOP,GOP,ORG,0.13999999999999999,0.0,fr,1
Grand Old Party,Grand Old Party,ORG,0.13999999999999999,0.0,fr,1
Département de la justice,Département de la justice,ORG,0.13999999999999999,0.0,fr,1
BREFLe Congrès,BREFLe Congrès,ORG,0.132,0.0,fr,1
Spice Girls,Spice Girls,ORG,0.022857142857142854,0.0,fr,1
Keolis,Keolis,ORG,0.21714285714285714,0.0,fr,1
Jeco,Jeco,ORG,-0.043333333333333335,0.0,fr,1
Institut,Institut,ORG,0.09999999999999999,0.0,fr,1
Armées,Armées,ORG,0.043214285714285705,0.0,fr,1
S,S,ORG,0.156,0.0,fr,1
Horizons,Horizons,ORG,0.0024999999999999988,0.0,fr,1
Education nationale,Education nationale,ORG,0.14444444444444446,0.0,fr,1
ministre des Sports,ministre des Sports,ORG,0.19571428571428573,0.0,fr,1
ministère de la Santé,ministère de la Santé,ORG,-0.08333333333333333,0.0,fr,1
tra,tra,ORG,0.06375000000000003,0.0,fr,1
CNIL,CNIL,ORG,0.0911111111111111,0.0,fr,1
ministère du Travail et des Solidarités,ministère du Travail et des Solidarités,ORG,0.08750000000000004,0.0,fr,1
ministère du Travail Surprise rue de Grenelle,ministère du Travail Surprise rue de Grenelle,ORG,0.1211111111111111,0.0,fr,1
ministère des Affaires sociales,ministère des Affaires sociales,ORG,0.144,0.0,fr,1
ministère des Armées,ministère des Armées,ORG,0.144,0.0,fr,1
Police de Paris,Police de Paris,ORG,0.28,0.0,fr,1
The Spectator,The Spectator,ORG,-0.16399999999999998,0.0,fr,1
Éducation nationale,Éducation nationale,ORG,0.11272727272727273,0.0,fr,1
Nouvelle-,Nouvelle-,ORG,-0.007272727272727269,0.0,fr,1
Union centriste,Union centriste,ORG,0.1025,0.0,fr,1
UDI,UDI,ORG,0.1025,0.0,fr,1
lUnion des démocrates et indépendants,lUnion des démocrates et indépendants,ORG,0.1025,0.0,fr,1
GABY,GABY,ORG,0.013750000000000002,0.0,fr,1
Nobel norvégien,Nobel norvégien,ORG,0.08,0.0,fr,1
Oceans Eleven,Oceans Eleven,ORG,0.0,0.0,fr,1
Ocean’s Eleven”,Ocean’s Eleven”,ORG,0.0,0.0,fr,1
lArchipel,lArchipel,ORG,0.11250000000000002,0.0,fr,1
institut Nobel,institut Nobel,ORG,0.0,0.0,fr,1
STR,STR,ORG,-0.022727272727272728,0.0,fr,1
Parti libéral démocrate japonais,Parti libéral démocrate japonais,ORG,-0.022727272727272728,0.0,fr,1
GUD,GUD,ORG,0.12846153846153846,0.0,fr,1
Travail et des Solidarités pour celui des Armées,Travail et des Solidarités pour celui des Armées,ORG,0.043214285714285705,0.0,fr,1
PHOTOPQR,PHOTOPQR,ORG,0.16363636363636364,0.0,fr,1
Républiqu,Républiqu,ORG,0.022857142857142864,0.0,fr,1
CFTC,CFTC,ORG,0.25,0.0,fr,1
Écologiste et Social de Seine,Écologiste et Social de Seine,ORG,0.09,0.0,fr,1
Écologiste et social de Seine,Écologiste et social de Seine,ORG,0.09,0.0,fr,1
Em,Em,ORG,0.16333333333333333,0.0,fr,1
Ruralité,Ruralité,ORG,0.30333333333333334,0.0,fr,1
Ruralité du,Ruralité du,ORG,0.30333333333333334,0.0,fr,1
Conseil dÉtat,Conseil dÉtat,ORG,0.17800000000000002,0.0,fr,1
Assemblée mardi,Assemblée mardi,ORG,-0.056666666666666664,0.0,fr,1
Ministre de la Justice,Ministre de la Justice,ORG,-0.025,0.0,fr,1
ministère de la Culture,ministère de la Culture,ORG,0.022500000000000003,0.0,fr,1
BFM,BFM,ORG,0.1925,0.0,fr,1
Socialistes,Socialistes,ORG,0.1925,0.0,fr,1
JT de France 2,JT de France 2,ORG,-0.06374999999999999,0.0,fr,1
FO,FO,ORG,0.25,0.0,fr,1
LHaÿ,LHaÿ,ORG,0.15666666666666665,0.0,fr,1
ALSACE,ALSACE,ORG,0.16363636363636364,0.0,fr,1
Nasa,Nasa,ORG,0.11444444444444445,0.0,fr,1
Maduro,Maduro,ORG,0.24,0.0,fr,1
Fraîchement,Fraîchement,ORG,0.11249999999999999,0.0,fr,1
Assemblée ,Assemblée ,ORG,0.14500000000000002,0.0,fr,1
Yomiuri,Yomiuri,ORG,0.15833333333333335,0.0,fr,1
MIHO,MIHO,ORG,0.15833333333333335,0.0,fr,1
ministre du Travail et des Solidarités du gouvernement Lecornu 2,ministre du Travail et des Solidarités du gouvernement Lecornu 2,ORG,-0.018571428571428572,0.0,fr,1
Culture,Culture,ORG,0.09833333333333334,0.0,fr,1
ministère du Travail et des solidarités,ministère du Travail et des solidarités,ORG,0.13399999999999998,0.0,fr,1
Gouvernement,Gouvernement,ORG,-0.08,0.0,fr,1
Cuisines de l’Assemblée,Cuisines de l’Assemblée,ORG,-0.08,0.0,fr,1
Premier,Premier,ORG,0.2288888888888889,0.0,fr,1
CINÉMA Présent,CINÉMA Présent,ORG,0.18249999999999997,0.0,fr,1
Beatles,Beatles,ORG,0.31,0.0,fr,1
NME,NME,ORG,0.31,0.0,fr,1
"Beatles
Lactrice","Beatles
Lactrice",ORG,0.31,0.0,fr,1
Justice de l'administration Biden,Justice de l'administration Biden,ORG,0.16399999999999998,0.0,fr,1
Committee for the First Amendment,Committee for the First Amendment,ORG,0.0,0.0,fr,1
Comité pour la liberté,Comité pour la liberté,ORG,0.0,0.0,fr,1
The Japan T,The Japan T,ORG,0.29090909090909095,0.0,fr,1
DIRECT Gouvernement Lecornu ,DIRECT Gouvernement Lecornu ,ORG,0.08125,0.0,fr,1
RDC ,RDC ,ORG,-0.15333333333333335,0.0,fr,1
Yahoo,Yahoo,ORG,0.010454545454545454,0.0,fr,1
CFA,CFA,ORG,0.295,0.0,fr,1
adm,adm,ORG,0.05999999999999998,0.0,fr,1
Adobe,Adobe,ORG,0.06999999999999999,0.0,fr,1
Satya Nadella,Satya Nadella,ORG,0.06999999999999999,0.0,fr,1
Festi,Festi,ORG,0.23714285714285713,0.0,fr,1
Associated Press Jane Fonda,Associated Press Jane Fonda,ORG,0.23714285714285713,0.0,fr,1
JOSH EDELSON,JOSH EDELSON,ORG,0.08333333333333333,0.0,fr,1
ASSEMBLEE,ASSEMBLEE,ORG,0.13,0.0,fr,1
UCLouvain,UCLouvain,ORG,0.05875,0.0,fr,1
LÉtat,LÉtat,ORG,0.235,0.0,fr,1
ALAMY,ALAMY,ORG,0.1042857142857143,0.0,fr,1
Syndicat de la magistrature,Syndicat de la magistrature,ORG,-0.095,0.0,fr,1
The Handmaid’s Tale,The Handmaid’s Tale,ORG,0.06,0.0,fr,1
ABC,ABC,ORG,0.1375,0.0,fr,1
Pôle national de lutte contre la haine,Pôle national de lutte contre la haine,ORG,0.074,0.0,fr,1
DEI,DEI,ORG,0.04666666666666667,0.0,fr,1
Bureau ovale,Bureau ovale,ORG,0.04,0.0,fr,1
Assemblée générale des Nations unies,Assemblée générale des Nations unies,ORG,0.05249999999999999,0.0,fr,1
Patricia,Patricia,ORG,0.07571428571428572,0.0,fr,1
Confédération générale du travail,Confédération générale du travail,ORG,0.07571428571428572,0.0,fr,1
Confédération française démocratique du travail,Confédération française démocratique du travail,ORG,0.07571428571428572,0.0,fr,1
Inter Miami,Inter Miami,ORG,0.18857142857142856,0.0,fr,1
Dame,Dame,ORG,0.08285714285714285,0.0,fr,1
ministre de la Transformation,ministre de la Transformation,ORG,0.24285714285714285,0.0,fr,1
Fonction publique ,Fonction publique ,ORG,0.24285714285714285,0.0,fr,1
Députée,Députée,ORG,0.24285714285714285,0.0,fr,1
Covid19,Covid19,ORG,0.06625,0.0,fr,1
MOF,MOF,ORG,0.29,0.0,fr,1
metalorganic frameworks,metalorganic frameworks,ORG,0.29,0.0,fr,1
CO₂,CO₂,ORG,0.29,0.0,fr,1
pri,pri,ORG,0.16857142857142854,0.0,fr,1
lAcadémie royale des sciences,lAcadémie royale des sciences,ORG,0.13333333333333333,0.0,fr,1
Académie,Académie,ORG,0.22312499999999996,0.0,fr,1
PCF,PCF,ORG,0.3933333333333333,0.0,fr,1
Bloomberg,Bloomberg,ORG,0.43333333333333335,0.0,fr,1
Bayern Munich,Bayern Munich,ORG,0.158,0.0,fr,1
Parti libéral démocrate du Japon,Parti libéral démocrate du Japon,ORG,0.0625,0.0,fr,1
Japonaise Sanae Takaichi,Japonaise Sanae Takaichi,ORG,0.0625,0.0,fr,1
Académie royale,Académie royale,ORG,0.21250000000000002,0.0,fr,1
université Yale,université Yale,ORG,0.21250000000000002,0.0,fr,1
Commissariat à l'énergie atomique,Commissariat à l'énergie atomique,ORG,0.36400000000000005,0.0,fr,1
CEA,CEA,ORG,0.36400000000000005,0.0,fr,1
université de Californie,université de Californie,ORG,0.30333333333333334,0.0,fr,1
Parti,Parti,ORG,-0.014545454545454545,0.0,fr,1
Huffington Post,Huffington Post,ORG,0.32142857142857145,0.0,fr,1
Joh,Joh,ORG,0.25000000000000006,0.0,fr,1
Pantheon,Pantheon,ORG,-0.45,0.0,fr,1
Lun,Lun,ORG,0.06857142857142857,0.0,fr,1
New Start,New Start,ORG,0.01333333333333334,0.0,fr,1
Manchester United,Manchester United,ORG,0.05600000000000001,0.0,fr,1
Institut Karolinska,Institut Karolinska,ORG,0.09333333333333332,0.0,fr,1
Ve République ,Ve République ,ORG,0.005714285714285715,0.0,fr,1
Fonction publique,Fonction publique,ORG,0.24285714285714285,0.0,fr,1
Premier secrétaire du,Premier secrétaire du,ORG,0.18999999999999997,0.0,fr,1
Antéchrist de la Silicon Valley,Antéchrist de la Silicon Valley,ORG,-0.10400000000000001,0.0,fr,1
PayPal,PayPal,ORG,-0.10400000000000001,0.0,fr,1
Puigdemont,Puigdemont,ORG,0.010000000000000002,0.0,fr,1
Usine Nouvelle,Usine Nouvelle,ORG,0.025000000000000005,0.0,fr,1
Nexans,Nexans,ORG,0.025000000000000005,0.0,fr,1
Alstom,Alstom,ORG,0.025000000000000005,0.0,fr,1
Ensemble pour la République Paul Midy,Ensemble pour la République Paul Midy,ORG,0.14250000000000002,0.0,fr,1
Sécurité,Sécurité,ORG,0.25,0.0,fr,1
Écologiste et Social,Écologiste et Social,ORG,-0.03692307692307692,0.0,fr,1
Pôle Emploi,Pôle Emploi,ORG,0.1,0.0,fr,1
Régie autonome,Régie autonome,ORG,0.09888888888888889,0.0,fr,1
Sciences Po Paris,Sciences Po Paris,ORG,0.09888888888888889,0.0,fr,1
Ecole nationale d'administration,Ecole nationale d'administration,ORG,0.09888888888888889,0.0,fr,1
Rachida Dati ,Rachida Dati ,ORG,0.028571428571428577,0.0,fr,1
Etat à la Santé,Etat à la Santé,ORG,0.056249999999999994,0.0,fr,1
Junts,Junts,ORG,0.010000000000000002,0.0,fr,1
Saint,Saint,ORG,0.19,0.0,fr,1
ADRIENNE,ADRIENNE,ORG,0.2933333333333334,0.0,fr,1
le Figaro,le Figaro,ORG,0.06666666666666667,0.0,fr,1
Ve République,Ve République,ORG,0.060000000000000005,0.0,fr,1
inc,inc,ORG,-0.07,0.0,fr,1
POLICE,POLICE,ORG,0.0,0.0,fr,1
PP,PP,ORG,0.145,0.0,fr,1
Premier ministre socialiste espagnol,Premier ministre socialiste espagnol,ORG,0.145,0.0,fr,1
Air Force One,Air Force One,ORG,0.10444444444444442,0.0,fr,1
Suicide Squad,Suicide Squad,ORG,0.03700000000000002,0.0,fr,1
Fast and Furious,Fast and Furious,ORG,0.0,0.0,fr,1
public SNCF,public SNCF,ORG,0.14,0.0,fr,1
Rail Logistics Europe,Rail Logistics Europe,ORG,0.21714285714285714,0.0,fr,1
NVIDIA,NVIDIA,ORG,0.10125,0.0,fr,1
R,R,ORG,0.18285714285714286,0.0,fr,1
France Info,France Info,ORG,0.0,0.0,fr,1
Défense britannique,Défense britannique,ORG,0.005000000000000001,0.0,fr,1
Science pour plusieurs générations de Français,Science pour plusieurs générations de Français,ORG,0.15642857142857144,0.0,fr,1
Royal Navy,Royal Navy,ORG,-0.027499999999999993,0.0,fr,1
Frères musulmans ,Frères musulmans ,ORG,0.14285714285714285,0.0,fr,1
Ministre,Ministre,ORG,0.24750000000000003,0.0,fr,1
» Invité ce matin de France Inter,» Invité ce matin de France Inter,ORG,-0.032857142857142856,0.0,fr,1
ministre de l'Economie Roland Lescure,ministre de l'Economie Roland Lescure,ORG,0.21666666666666667,0.0,fr,1
Parti dé,Parti dé,ORG,0.08642857142857144,0.0,fr,1
IPP,IPP,ORG,0.0125,0.0,fr,1
Service national universel,Service national universel,ORG,0.043333333333333335,0.0,fr,1
CNR,CNR,ORG,0.043333333333333335,0.0,fr,1
NBC News,NBC News,ORG,0.1175,0.0,fr,1
AFP,AFP,ORG,0.21666666666666667,0.0,fr,1
Brooklyn Paramount,Brooklyn Paramount,ORG,0.21666666666666667,0.0,fr,1
eurodéputé Renew,eurodéputé Renew,ORG,-0.02499999999999999,0.0,fr,1
Occident euraméricain,Occident euraméricain,ORG,-0.02499999999999999,0.0,fr,1
Ministre de la Défense,Ministre de la Défense,ORG,0.12,0.0,fr,1
conférence Travail et Retraites,conférence Travail et Retraites,ORG,0.175,0.0,fr,1
New York Postny,New York Postny,ORG,0.07727272727272727,0.0,fr,1
New York Post,New York Post,ORG,0.07727272727272727,0.0,fr,1
Institut des politiques publiques,Institut des politiques publiques,ORG,0.0,0.0,fr,1
fo,fo,ORG,0.39999999999999997,0.0,fr,1
"New York
","New York
",ORG,0.15499999999999997,0.0,fr,1
Front Polisario,Front Polisario,ORG,-0.007142857142857137,0.0,fr,1
pédocrimi,pédocrimi,ORG,0.315,0.0,fr,1
Meursault,Meursault,ORG,0.26555555555555554,0.0,fr,1
Parti démocrate américain,Parti démocrate américain,ORG,0.1196,0.0,fr,1
Crown Estate,Crown Estate,ORG,0.02375,0.0,fr,1
CAC,CAC,ORG,0.05,0.0,fr,1
Bourse de Paris,Bourse de Paris,ORG,0.05,0.0,fr,1
SNCFa,SNCFa,ORG,0.2933333333333334,0.0,fr,1
Larrivée,Larrivée,ORG,0.05299999999999998,0.0,fr,1
causee,causee,ORG,0.09166666666666667,0.0,fr,1
JIP,JIP,ORG,0.25,0.0,fr,1
Républicains ,Républicains ,ORG,-0.022857142857142854,0.0,fr,1
université Bocconi,université Bocconi,ORG,0.048571428571428564,0.0,fr,1
Antéchrist sur Terre,Antéchrist sur Terre,ORG,-0.03499999999999999,0.0,fr,1
Ishin,Ishin,ORG,0.21200000000000002,0.0,fr,1
Disney,Disney,ORG,0.1525,0.0,fr,1
Parti japonais de linnovation,Parti japonais de linnovation,ORG,0.1388888888888889,0.0,fr,1
Chambre basse du Parlement,Chambre basse du Parlement,ORG,0.1388888888888889,0.0,fr,1
Parti japonais,Parti japonais,ORG,0.192,0.0,fr,1
parti Libéral démocrate,parti Libéral démocrate,ORG,0.17857142857142855,0.0,fr,1
Organisation internat,Organisation internat,ORG,-0.046,0.0,fr,1
Organisation internationale du Travail sur la sécurité et la santé des travailleu,Organisation internationale du Travail sur la sécurité et la santé des travailleu,ORG,-0.046,0.0,fr,1
OIT,OIT,ORG,-0.046,0.0,fr,1
Antéchrist,Antéchrist,ORG,0.10500000000000001,0.0,fr,1
France Télévisions,France Télévisions,ORG,0.001428571428571426,0.0,fr,1
ministre de la Culture Rachida Dati,ministre de la Culture Rachida Dati,ORG,-0.05000000000000001,0.0,fr,1
Convention nationale,Convention nationale,ORG,-0.014285714285714287,0.0,fr,1
» Marine,» Marine,ORG,0.2,0.0,fr,1
GOOGLE,GOOGLE,ORG,0.35500000000000004,0.0,fr,1
Académie suédoise,Académie suédoise,ORG,0.35500000000000004,0.0,fr,1
BELGIUM,BELGIUM,ORG,-0.037777777777777785,0.0,fr,1
Isabell,Isabell,ORG,0.21625,0.0,fr,1
CAMEROON,CAMEROON,ORG,-0.29,0.0,fr,1
LR Rachida Dati,LR Rachida Dati,ORG,-0.02666666666666667,0.0,fr,1
HuffPost,HuffPost,ORG,0.055714285714285716,0.0,fr,1
Parti socialiste mise,Parti socialiste mise,ORG,0.14416666666666667,0.0,fr,1
UMPS,UMPS,ORG,-0.004374999999999997,0.0,fr,1
Organisation des Nations unies,Organisation des Nations unies,ORG,0.061249999999999985,0.0,fr,1
Conseil européen de la semaine prochaine,Conseil européen de la semaine prochaine,ORG,0.08727272727272727,0.0,fr,1
Sénat la semaine dernière,Sénat la semaine dernière,ORG,0.06166666666666668,0.0,fr,1
Assemblée et du Sénat,Assemblée et du Sénat,ORG,0.205,0.0,fr,1
Conseil des ministres italien,Conseil des ministres italien,ORG,0.16818181818181818,0.0,fr,1
Le Figaro,Le Figaro,ORG,0.08499999999999998,0.0,fr,1
APEC,APEC,ORG,-0.01777777777777777,0.0,fr,1
BASHAR,BASHAR,ORG,0.25,0.0,fr,1
Westinghouse Electric Company,Westinghouse Electric Company,ORG,0.07857142857142858,0.0,fr,1
"Le Parisien
","Le Parisien
",ORG,0.0675,0.0,fr,1
dÉdouard,dÉdouard,ORG,0.0675,0.0,fr,1
MÉDIAS,MÉDIAS,ORG,0.17700000000000002,0.0,fr,1
Affaires sociales,Affaires sociales,ORG,0.08333333333333333,0.0,fr,1
The Daily Telegraph,The Daily Telegraph,ORG,0.037142857142857144,0.0,fr,1
ministre des Affaires,ministre des Affaires,ORG,0.006666666666666664,0.0,fr,1
lUS Army pâtisse,lUS Army pâtisse,ORG,-0.084,0.0,fr,1
Bourevestnik,Bourevestnik,ORG,0.16181818181818183,0.0,fr,1
"Universal Pictures
Dwayne Johnson","Universal Pictures
Dwayne Johnson",ORG,-0.3375,0.0,fr,1
Sunday Times quil,Sunday Times quil,ORG,0.375,0.0,fr,1
The post,The post,ORG,0.055,0.0,fr,1
mar,mar,ORG,0.23900000000000002,0.0,fr,1
"New York Times 
","New York Times 
",ORG,-0.024,0.0,fr,1
Truth Social des images,Truth Social des images,ORG,-0.024,0.0,fr,1
IA générati,IA générati,ORG,-0.024,0.0,fr,1
Parti communiste chinois,Parti communiste chinois,ORG,0.031199999999999995,0.0,fr,1
Comité central,Comité central,ORG,0.031199999999999995,0.0,fr,1
Finances de l’Assemblée,Finances de l’Assemblée,ORG,0.0,0.0,fr,1
Sécurité sociale qui cont,Sécurité sociale qui cont,ORG,0.007000000000000006,0.0,fr,1
Obvious].,Obvious].,ORG,-0.1,0.0,fr,1
UDR,UDR,ORG,0.05,0.0,fr,1
Parlement valide la nomination,Parlement valide la nomination,ORG,0.23500000000000001,0.0,fr,1
Développement durable des deux assemblées,Développement durable des deux assemblées,ORG,0.21200000000000002,0.0,fr,1
Rassemblement national Le Pen,Rassemblement national Le Pen,ORG,0.165,0.0,fr,1
Armée de Libération nationale,Armée de Libération nationale,ORG,-0.043750000000000004,0.0,fr,1
